demographics_region,count,proportion
Lima Metropolitana,12715,0.6766177096636867
Arequipa,901,0.04794593444018731
Callao,744,0.03959131545338442
La Libertad,565,0.03006598552575564
Extranjero,548,0.029161345253299276
Cusco,376,0.020008514261387826
Piura,367,0.01952958705832269
Lambayeque,342,0.018199233716475097
Junín,313,0.016656023839931887
Ica,305,0.016230310770540657
Áncash,247,0.013143891017454236
Cajamarca,180,0.009578544061302681
Lima Provincias,156,0.008301404853128991
Tacna,155,0.008248190719455087
Puno,144,0.007662835249042145
Huánuco,143,0.0076096211153682414
San Martín,106,0.005640698169433802
Amazonas,83,0.004416773094934014
Ayacucho,74,0.0039378458918688805
Apurímac,65,0.0034589186888037463
Loreto,61,0.0032460621541081313
Moquegua,55,0.0029267773520647083
Ucayali,51,0.0027139208173690933
Pasco,29,0.0015432098765432098
Madre de Dios,27,0.0014367816091954023
Tumbes,27,0.0014367816091954023
Huancavelica,13,0.0006917837377607493
