,oppose_-1,neutral_0,support_1
responses_t1_1,0.15102007967486217,0.16868536477405335,0.6802945555510844
responses_t2_1,0.2368113959196813,0.18667256850830952,0.5765160355720091
responses_t3_1,0.012071948814937025,0.034525773610719894,0.953402277574343
responses_t4_1,0.0806003782543962,0.1502152830871997,0.7691843386584041
responses_t5_1,0.0989899802824836,0.12301315842420828,0.7779968612933081
responses_t6_1,0.2995452899279707,0.2795460947245584,0.4209086153474709
responses_t7_1,0.33346746609794375,0.22920606816627098,0.43732646573578526
responses_t8_1,0.22759647499094604,0.22127882177779568,0.5511247032312583
responses_t9_1,0.5914450122731479,0.1977787614180516,0.21077622630880044
responses_t10_1,0.16059715906804556,0.2234115327351012,0.6159913081968532
responses_t11_1,0.18627017021447828,0.25600579453543115,0.5577240352500905
responses_t12_1,0.09428192024465816,0.22180193955977626,0.6839161401955656
responses_t13_1,0.03146754657760251,0.14216731721057502,0.8263651362118225
responses_t14_1,0.4510884873848135,0.21375397368315158,0.3351575389320349
responses_t15_1,0.28027041165345457,0.19254758359824553,0.5271820047482999
responses_t16_1,0.3331053076334956,0.37113194640054725,0.2957627459659571
responses_t17_1,0.20715464166431935,0.22711359703834855,0.565731761297332
responses_t18_1,0.34634421150054323,0.2555229165828337,0.39813287191662305
responses_t19_1,0.42851394310088126,0.27334916099955736,0.2981368958995614
responses_t20_1,0.1426501951631725,0.23314957144581708,0.6242002333910104
