demographics_education,variable,oppose_important_-1,oppose_not_important_-0.5,neutral_0,support_not_important_0.5,support_important_1
graduate,responses_t1_combined,0.125,0.05962171052631579,0.14144736842105263,0.15172697368421054,0.522203947368421
primary,responses_t1_combined,0.06578947368421052,0.07894736842105263,0.06578947368421052,0.35526315789473684,0.4342105263157895
secondary,responses_t1_combined,0.08251273344651952,0.03870967741935484,0.16196943972835315,0.16400679117147707,0.5528013582342954
undergraduate,responses_t1_combined,0.10217162537070697,0.04171051372811633,0.1838706591409165,0.13976848751554577,0.5324787142447145
graduate,responses_t2_combined,0.032689144736842105,0.2489720394736842,0.17598684210526316,0.3353207236842105,0.20703125
primary,responses_t2_combined,0.10526315789473684,0.2236842105263158,0.14473684210526316,0.3684210526315789,0.15789473684210525
secondary,responses_t2_combined,0.03870967741935484,0.1758913412563667,0.1962648556876061,0.3134125636672326,0.27572156196943975
undergraduate,responses_t2_combined,0.025351573710896393,0.1834879938773558,0.18061800440065054,0.32803979718741033,0.282502630823687
graduate,responses_t3_combined,0.004111842105263158,0.007401315789473684,0.026110197368421052,0.29769736842105265,0.6646792763157895
primary,responses_t3_combined,0.02631578947368421,0.11842105263157894,0.09210526315789473,0.3157894736842105,0.4473684210526316
secondary,responses_t3_combined,0.0050933786078098476,0.007130730050933786,0.03531409168081494,0.2977928692699491,0.6546689303904923
undergraduate,responses_t3_combined,0.004209317899167703,0.0031569884243757775,0.02831722950349182,0.2865206160910743,0.6777958480818904
graduate,responses_t4_combined,0.02939967105263158,0.06640625,0.10896381578947369,0.5281661184210527,0.2670641447368421
primary,responses_t4_combined,0.039473684210526314,0.11842105263157894,0.14473684210526316,0.47368421052631576,0.2236842105263158
secondary,responses_t4_combined,0.021052631578947368,0.048217317487266556,0.18132427843803056,0.5219015280135824,0.22750424448217318
undergraduate,responses_t4_combined,0.023629580024873243,0.05395580216205874,0.15115277910647662,0.5351573710896393,0.23610446761695206
graduate,responses_t5_combined,0.02158717105263158,0.08778782894736842,0.10773026315789473,0.5867598684210527,0.19613486842105263
primary,responses_t5_combined,0.06578947368421052,0.2236842105263158,0.11842105263157894,0.3815789473684211,0.21052631578947367
secondary,responses_t5_combined,0.03259762308998302,0.0865874363327674,0.14363327674023768,0.4760611205432937,0.26112054329371814
undergraduate,responses_t5_combined,0.018176600019133262,0.06074811059026117,0.11307758538218693,0.5336267100353965,0.2743709939730221
graduate,responses_t6_combined,0.060032894736842105,0.2450657894736842,0.24547697368421054,0.34539473684210525,0.1040296052631579
primary,responses_t6_combined,0.02631578947368421,0.23684210526315788,0.11842105263157894,0.4868421052631579,0.13157894736842105
secondary,responses_t6_combined,0.05704584040747029,0.25263157894736843,0.2893039049235993,0.3154499151103565,0.08556876061120543
undergraduate,responses_t6_combined,0.05452980005739979,0.24165311393858221,0.29905290347268726,0.3243088108676935,0.08045537166363724
graduate,responses_t7_combined,0.01665296052631579,0.3423108552631579,0.19202302631578946,0.29296875,0.15604440789473684
primary,responses_t7_combined,0.013157894736842105,0.23684210526315788,0.07894736842105263,0.40789473684210525,0.2631578947368421
secondary,responses_t7_combined,0.027843803056027166,0.26519524617996604,0.2499151103565365,0.25772495755517827,0.19932088285229202
undergraduate,responses_t7_combined,0.02190758633885009,0.3128288529608725,0.2421314455180331,0.26958767817851337,0.153544437003731
graduate,responses_t8_combined,0.009457236842105263,0.2713815789473684,0.18564967105263158,0.3725328947368421,0.16097861842105263
primary,responses_t8_combined,0.013157894736842105,0.2236842105263158,0.09210526315789473,0.42105263157894735,0.25
secondary,responses_t8_combined,0.008488964346349746,0.15687606112054328,0.22105263157894736,0.3830220713073005,0.23056027164685908
undergraduate,responses_t8_combined,0.008801301061896106,0.21390988233043146,0.24050511814790013,0.36487132880512774,0.1719123696546446
graduate,responses_t9_combined,0.43647203947368424,0.18729440789473684,0.16652960526315788,0.09580592105263158,0.11389802631578948
primary,responses_t9_combined,0.2631578947368421,0.2236842105263158,0.14473684210526316,0.23684210526315788,0.13157894736842105
secondary,responses_t9_combined,0.36502546689303905,0.19219015280135823,0.2135823429541596,0.11544991511035653,0.11375212224108659
undergraduate,responses_t9_combined,0.4214101214962212,0.1864536496699512,0.20233425810772027,0.09346599062470104,0.0963359801014063
graduate,responses_t10_combined,0.022203947368421052,0.15172697368421054,0.19716282894736842,0.4654605263157895,0.16344572368421054
primary,responses_t10_combined,0.039473684210526314,0.13157894736842105,0.18421052631578946,0.5,0.14473684210526316
secondary,responses_t10_combined,0.029202037351443125,0.12088285229202038,0.23735144312393888,0.4196943972835314,0.19286926994906622
undergraduate,responses_t10_combined,0.02267291686597149,0.13096718645364966,0.2383047928824261,0.43068975413756816,0.17736534966038459
graduate,responses_t11_combined,0.023026315789473683,0.21175986842105263,0.22800164473684212,0.3684210526315789,0.16879111842105263
primary,responses_t11_combined,0.039473684210526314,0.13157894736842105,0.2236842105263158,0.4473684210526316,0.15789473684210525
secondary,responses_t11_combined,0.01833616298811545,0.13106960950764007,0.2838709677419355,0.3867572156196944,0.1799660441426146
undergraduate,responses_t11_combined,0.014349947383526261,0.1577537549028987,0.25715105711279057,0.389074906725342,0.18167033387544246
graduate,responses_t12_combined,0.0028782894736842104,0.08100328947368421,0.19099506578947367,0.44819078947368424,0.2769325657894737
primary,responses_t12_combined,0.013157894736842105,0.18421052631578946,0.17105263157894737,0.4342105263157895,0.19736842105263158
secondary,responses_t12_combined,0.006791171477079796,0.09643463497453311,0.2502546689303905,0.41188455008488967,0.23463497453310697
undergraduate,responses_t12_combined,0.0037309863197168276,0.0832296948244523,0.21658853917535636,0.4368123983545394,0.25963838132593514
graduate,responses_t13_combined,0.0047286184210526315,0.02138157894736842,0.11143092105263158,0.4868421052631579,0.3756167763157895
primary,responses_t13_combined,0.039473684210526314,0.11842105263157894,0.14473684210526316,0.4342105263157895,0.2631578947368421
secondary,responses_t13_combined,0.003735144312393888,0.03599320882852292,0.17079796264855687,0.4607809847198642,0.32869269949066215
undergraduate,responses_t13_combined,0.002774323160815077,0.023629580024873243,0.13957715488376543,0.4768965847125227,0.35712235721802355
graduate,responses_t14_combined,0.12273848684210527,0.3229851973684211,0.19284539473684212,0.21875,0.14268092105263158
primary,responses_t14_combined,0.09210526315789473,0.23684210526315788,0.11842105263157894,0.35526315789473684,0.19736842105263158
secondary,responses_t14_combined,0.1293718166383701,0.33853989813242785,0.21256366723259762,0.19456706281833616,0.12495755517826825
undergraduate,responses_t14_combined,0.11728690328135463,0.34946905194680955,0.214196881278102,0.19544628336362765,0.12360088013010619
graduate,responses_t15_combined,0.014185855263157895,0.27569901315789475,0.17249177631578946,0.4134457236842105,0.12417763157894737
primary,responses_t15_combined,0.06578947368421052,0.4342105263157895,0.13157894736842105,0.25,0.11842105263157894
secondary,responses_t15_combined,0.027843803056027166,0.2937181663837012,0.20169779286926995,0.33276740237691,0.1439728353140917
undergraduate,responses_t15_combined,0.016358940017219936,0.2290251602410791,0.19602028125896873,0.40304218884530757,0.15555342963742466
graduate,responses_t16_combined,0.10074013157894737,0.26007401315789475,0.30838815789473684,0.27631578947368424,0.05448190789473684
primary,responses_t16_combined,0.07894736842105263,0.2236842105263158,0.2894736842105263,0.34210526315789475,0.06578947368421052
secondary,responses_t16_combined,0.09269949066213921,0.23769100169779286,0.4037351443123939,0.22071307300509338,0.04516129032258064
undergraduate,responses_t16_combined,0.08456902324691476,0.24375777288816608,0.3903185688319143,0.23973978762077872,0.04161484741222615
graduate,responses_t17_combined,0.03926809210526316,0.19880756578947367,0.19346217105263158,0.32010690789473684,0.24835526315789475
primary,responses_t17_combined,0.05263157894736842,0.2631578947368421,0.2236842105263158,0.2894736842105263,0.17105263157894737
secondary,responses_t17_combined,0.04787775891341256,0.1460101867572156,0.2631578947368421,0.2764006791171477,0.266553480475382
undergraduate,responses_t17_combined,0.03520520424758442,0.14943078542045346,0.23246914761312543,0.31407251506744477,0.26882234765139196
graduate,responses_t18_combined,0.1299342105263158,0.24753289473684212,0.22245065789473684,0.25164473684210525,0.1484375
primary,responses_t18_combined,0.09210526315789473,0.15789473684210525,0.21052631578947367,0.40789473684210525,0.13157894736842105
secondary,responses_t18_combined,0.11511035653650255,0.19592529711375212,0.2730050933786078,0.27164685908319186,0.14431239388794567
undergraduate,responses_t18_combined,0.13240218119200228,0.2213718549698651,0.260116712905386,0.24117478235913134,0.14493446857361522
graduate,responses_t19_combined,0.014185855263157895,0.44120065789473684,0.24136513157894737,0.19654605263157895,0.10670230263157894
primary,responses_t19_combined,0.05263157894736842,0.25,0.2631578947368421,0.3026315789473684,0.13157894736842105
secondary,responses_t19_combined,0.025466893039049237,0.3561969439728353,0.2977928692699491,0.1962648556876061,0.12427843803056027
undergraduate,responses_t19_combined,0.020663924232277815,0.411460824643643,0.28479862240505116,0.1810963359801014,0.10198029273892663
graduate,responses_t20_combined,0.013569078947368422,0.15316611842105263,0.19407894736842105,0.5119243421052632,0.12726151315789475
primary,responses_t20_combined,0.05263157894736842,0.18421052631578946,0.2236842105263158,0.4342105263157895,0.10526315789473684
secondary,responses_t20_combined,0.014940577249575551,0.1168081494057725,0.26553480475382,0.4774193548387097,0.12529711375212224
undergraduate,responses_t20_combined,0.012340954749832584,0.11279058643451641,0.2360088013010619,0.5058834784272458,0.13297617908734335
