demographics_gender,variable,oppose_important_-1,oppose_not_important_-0.5,neutral_0,support_not_important_0.5,support_important_1
diverse,responses_t1_combined,0.18315018315018314,0.09523809523809523,0.2564102564102564,0.13553113553113552,0.32967032967032966
female,responses_t1_combined,0.12596432015429124,0.04845708775313404,0.17803760848601735,0.13211186113789777,0.5154291224686596
male,responses_t1_combined,0.08444142482772009,0.03882364359895176,0.15150926914490925,0.16383577598757643,0.5613898864408424
diverse,responses_t2_combined,0.018315018315018316,0.10622710622710622,0.12454212454212454,0.3443223443223443,0.4065934065934066
female,responses_t2_combined,0.028688524590163935,0.12041947926711669,0.14597396335583412,0.3394406943105111,0.36547733847637415
male,responses_t2_combined,0.03416480636707755,0.27254197806464137,0.2140153353392216,0.3147626904785014,0.1645151897505581
diverse,responses_t3_combined,0.014652014652014652,0.02197802197802198,0.05860805860805861,0.2893772893772894,0.6153846153846154
female,responses_t3_combined,0.005665380906460945,0.004339440694310511,0.022782063645130184,0.2856798457087753,0.6815332690453231
male,responses_t3_combined,0.004076482577889935,0.005920605648840144,0.033970688149082794,0.2943802775890517,0.6616519460351354
diverse,responses_t4_combined,0.02564102564102564,0.07692307692307693,0.2087912087912088,0.4835164835164835,0.20512820512820512
female,responses_t4_combined,0.022420443587270973,0.04580520732883317,0.13934426229508196,0.5518322082931534,0.24059787849566056
male,responses_t4_combined,0.026982432301271474,0.06444724837425993,0.1493739687469669,0.5104338542172183,0.2487624963602834
diverse,responses_t5_combined,0.014652014652014652,0.05128205128205128,0.06227106227106227,0.4139194139194139,0.45787545787545786
female,responses_t5_combined,0.020371263259402122,0.05291706846673096,0.08052073288331726,0.4764946962391514,0.36969623915139826
male,responses_t5_combined,0.023100067941376298,0.09288556731049209,0.15121809181791712,0.5876929049791323,0.1451033679510822
diverse,responses_t6_combined,0.04395604395604396,0.1794871794871795,0.2271062271062271,0.42124542124542125,0.1282051282051282
female,responses_t6_combined,0.04327386692381871,0.20479749276759884,0.27953230472516877,0.373794599807136,0.09860173577627772
male,responses_t6_combined,0.06755313986217606,0.2786567019314763,0.28253906629137143,0.29098320877414346,0.08026788314083276
diverse,responses_t7_combined,0.040293040293040296,0.31868131868131866,0.25274725274725274,0.27106227106227104,0.11721611721611722
female,responses_t7_combined,0.02495178399228544,0.3279893924783028,0.24083895853423337,0.2607280617164899,0.14549180327868852
male,responses_t7_combined,0.01805299427351257,0.29001261768416964,0.21741240415412985,0.291371445210133,0.18315053867805495
diverse,responses_t8_combined,0.029304029304029304,0.32967032967032966,0.23443223443223443,0.2967032967032967,0.10989010989010989
female,responses_t8_combined,0.010486981677917069,0.21202989392478302,0.2227579556412729,0.3730713596914175,0.18165380906460946
male,responses_t8_combined,0.0073764922838008345,0.2167329903911482,0.21848005435310103,0.3698922643890129,0.187518198582937
diverse,responses_t9_combined,0.45787545787545786,0.23076923076923078,0.16117216117216118,0.0695970695970696,0.08058608058608059
female,responses_t9_combined,0.49035679845708774,0.18599324975891995,0.1598360655737705,0.0626808100289296,0.10113307618129219
male,responses_t9_combined,0.3510627972435213,0.1856740755119868,0.2224594778219936,0.13073861981947005,0.11006502960302825
diverse,responses_t10_combined,0.08058608058608059,0.23076923076923078,0.23443223443223443,0.3076923076923077,0.14652014652014653
female,responses_t10_combined,0.03230472516875603,0.16140308582449372,0.24879459980713597,0.40405014464802314,0.15344744455159112
male,responses_t10_combined,0.01630593031155974,0.10725031544210424,0.20159176938755702,0.4763661069591381,0.1984858778996409
diverse,responses_t11_combined,0.01098901098901099,0.09523809523809523,0.1575091575091575,0.4139194139194139,0.32234432234432236
female,responses_t11_combined,0.016996142719382837,0.1057135969141755,0.22107039537126327,0.41104146576663453,0.24517839922854387
male,responses_t11_combined,0.018247112491507327,0.21983888187906436,0.2804037658934291,0.3613510627972435,0.1201591769387557
diverse,responses_t12_combined,0.0,0.0695970695970696,0.18315018315018314,0.4249084249084249,0.32234432234432236
female,responses_t12_combined,0.0024108003857280617,0.045081967213114756,0.16682738669238187,0.45576181292189005,0.32991803278688525
male,responses_t12_combined,0.005726487430845385,0.1188003494127924,0.2539066291371445,0.41813064156071045,0.20343589245850724
diverse,responses_t13_combined,0.003663003663003663,0.10989010989010989,0.2564102564102564,0.4542124542124542,0.17582417582417584
female,responses_t13_combined,0.004580520732883318,0.02844744455159113,0.17779652844744456,0.4950578592092575,0.29411764705882354
male,responses_t13_combined,0.003105891487916141,0.020285353780452296,0.10094147335727457,0.46287489080850236,0.4127923905658546
diverse,responses_t14_combined,0.13553113553113552,0.358974358974359,0.2673992673992674,0.17582417582417584,0.06227106227106227
female,responses_t14_combined,0.14585342333654774,0.41694792671166825,0.19406943105110896,0.15899228543876567,0.08413693346190936
male,responses_t14_combined,0.10094147335727457,0.27176550519266235,0.2144035717752111,0.24390954091041445,0.16897990876443755
diverse,responses_t15_combined,0.007326007326007326,0.14652014652014653,0.12454212454212454,0.38461538461538464,0.336996336996337
female,responses_t15_combined,0.01603182256509161,0.17791706846673094,0.15163934426229508,0.4490115718418515,0.20540019286403086
male,responses_t15_combined,0.020964767543433953,0.32873920217412406,0.22100359118703292,0.34232747743375713,0.08696496166165195
diverse,responses_t16_combined,0.09523809523809523,0.3076923076923077,0.41025641025641024,0.15018315018315018,0.03663003663003663
female,responses_t16_combined,0.11692381870781099,0.27543394406943106,0.3751205400192864,0.18527000964320153,0.04725168756027001
male,responses_t16_combined,0.07095020867708435,0.21760652237212463,0.3635834223041832,0.30175676987285255,0.04610307677375522
diverse,responses_t17_combined,0.02197802197802198,0.0989010989010989,0.2783882783882784,0.2490842490842491,0.3516483516483517
female,responses_t17_combined,0.034474445515911285,0.10294117647058823,0.20527965284474445,0.3160559305689489,0.3412487945998071
male,responses_t17_combined,0.04542366301077356,0.22304183247597786,0.24070659031350092,0.3014655925458604,0.18936232165388722
diverse,responses_t18_combined,0.12087912087912088,0.1978021978021978,0.32967032967032966,0.23443223443223443,0.11721611721611722
female,responses_t18_combined,0.13898264223722276,0.24855351976856316,0.2503616200578592,0.23637897782063644,0.12572324011571842
male,responses_t18_combined,0.11909152673978453,0.2016888284965544,0.2474036688343201,0.26633019508880906,0.1654857808405319
diverse,responses_t19_combined,0.003663003663003663,0.25274725274725274,0.3443223443223443,0.2087912087912088,0.19047619047619047
female,responses_t19_combined,0.014946962391513982,0.3323288331726133,0.31702025072324014,0.22131147540983606,0.11439247830279653
male,responses_t19_combined,0.023876540813355333,0.47393962923420363,0.23866834902455594,0.1630593031155974,0.10045617781228769
diverse,responses_t20_combined,0.014652014652014652,0.10256410256410256,0.315018315018315,0.46886446886446886,0.0989010989010989
female,responses_t20_combined,0.010245901639344262,0.09305689488910318,0.23240115718418514,0.5210945033751205,0.14320154291224688
male,responses_t20_combined,0.0160147529845676,0.1503445598369407,0.22071241386004076,0.48985732310977387,0.12307095020867709
