,oppose_important_-1,oppose_not_important_-0.5,neutral_0,support_not_important_0.5,support_important_1
responses_t1_combined,0.10084101243410729,0.050179067240754896,0.16868536477405335,0.1709790350488914,0.5093155205021931
responses_t2_combined,0.030421311013641303,0.20639008490604,0.18667256850830952,0.33853768460021727,0.23797835097179187
responses_t3_combined,0.004748299867208563,0.007323648947728462,0.034525773610719894,0.3201078427427468,0.6332944348315963
responses_t4_combined,0.02297694257776347,0.05762343567663273,0.1502152830871997,0.5380065188523601,0.23117781980604402
responses_t5_combined,0.022091666331334754,0.07689831395114885,0.12301315842420828,0.5454106474588548,0.23258621383445335
responses_t6_combined,0.05299585529757354,0.24654943463039716,0.2795460947245584,0.33479538046758683,0.0861132348798841
responses_t7_combined,0.021930707013802262,0.31153675908414147,0.22920606816627098,0.2838115166391694,0.15351494909661584
responses_t8_combined,0.008893002293670274,0.21870347269727577,0.22127882177779568,0.3788982334714901,0.1722264697597682
responses_t9_combined,0.38968250774616714,0.2017625045269808,0.1977787614180516,0.11174600619693373,0.09903022011186673
responses_t10_combined,0.02321838155406221,0.13737877751398334,0.2234115327351012,0.44799002052231296,0.16800128767454026
responses_t11_combined,0.016699529193996216,0.16957064102048208,0.25600579453543115,0.39036658484568026,0.16735745040441027
responses_t12_combined,0.003661824473864231,0.09062009577079393,0.22180193955977626,0.4394189368637077,0.24449720333185787
responses_t13_combined,0.0039032634501629713,0.02756428312743954,0.14216731721057502,0.4896382439338457,0.33672689227797675
responses_t14_combined,0.11424087561868737,0.3368476117661261,0.21375397368315158,0.21447829061204782,0.12067924831998712
responses_t15_combined,0.018188402881171784,0.2620820087722828,0.19254758359824553,0.39169449921532334,0.13548750553297653
responses_t16_combined,0.08579131624481912,0.24731399138867652,0.37113194640054725,0.2521025310852682,0.043660214880688906
responses_t17_combined,0.036578004909259186,0.17057663675506016,0.22711359703834855,0.3211943181360911,0.24453744316124099
responses_t18_combined,0.11919037463281155,0.2271538368677317,0.2555229165828337,0.2620820087722828,0.13605086314434026
responses_t19_combined,0.020441833326626694,0.40807210977425457,0.27334916099955736,0.19689348517162286,0.10124341072793851
responses_t20_combined,0.012353627620618889,0.13029656754255362,0.23314957144581708,0.5018711520663153,0.12232908132469518
