variable,mean,median,std,proportion_negative,proportion_neutral,proportion_positive,proportion_oppose_important,proportion_support_important
responses_t1_combined,0.46887449197215403,1.0,0.6675482761475336,0.15102007967486217,0.16868536477405335,0.6802945555510844,0.10084101243410729,0.5093155205021931
responses_t2_combined,0.2736308398052392,0.5,0.574256944058819,0.2368113959196813,0.18667256850830952,0.5765160355720091,0.030421311013641303,0.23797835097179187
responses_t3_combined,0.7849382318618969,1.0,0.32214399845703734,0.012071948814937025,0.034525773610719894,0.953402277574343,0.004748299867208563,0.6332944348315963
responses_t4_combined,0.4483924188161442,0.5,0.44946036399003697,0.0806003782543962,0.1502152830871997,0.7691843386584041,0.02297694257776347,0.23117781980604402
responses_t5_combined,0.44475071425697155,0.5,0.460934346799356,0.0989899802824836,0.12301315842420828,0.7779968612933081,0.022091666331334754,0.23258621383445335
responses_t6_combined,0.0772403525009054,0.0,0.5277219232747578,0.2995452899279707,0.2795460947245584,0.4209086153474709,0.05299585529757354,0.0861132348798841
responses_t7_combined,0.11772162086032756,0.0,0.5571685893413377,0.33346746609794375,0.22920606816627098,0.43732646573578526,0.021930707013802262,0.15351494909661584
responses_t8_combined,0.2434308478532051,0.5,0.5208380140289562,0.22759647499094604,0.22127882177779568,0.5511247032312583,0.008893002293670274,0.1722264697597682
responses_t9_combined,-0.33566053679932395,-0.5,0.6741217591567186,0.5914450122731479,0.1977787614180516,0.21077622630880044,0.38968250774616714,0.09903022011186673
responses_t10_combined,0.3000885276246429,0.5,0.4975125168638334,0.16059715906804556,0.2234115327351012,0.6159913081968532,0.02321838155406221,0.16800128767454026
responses_t11_combined,0.26105589312301314,0.5,0.5058669826738402,0.18627017021447828,0.25600579453543115,0.5577240352500905,0.016699529193996216,0.16735745040441027
responses_t12_combined,0.4152347994044505,0.5,0.456352087278231,0.09428192024465816,0.22180193955977626,0.6839161401955656,0.003661824473864231,0.24449720333185787
responses_t13_combined,0.5638606092310169,0.5,0.3898693591825233,0.03146754657760251,0.14216731721057502,0.8263651362118225,0.0039032634501629713,0.33672689227797675
responses_t14_combined,-0.05474628787573941,0.0,0.6080866081007799,0.4510884873848135,0.21375397368315158,0.3351575389320349,0.11424087561868737,0.12067924831998712
responses_t15_combined,0.18210534787332502,0.5,0.5328875158561163,0.28027041165345457,0.19254758359824553,0.5271820047482999,0.018188402881171784,0.13548750553297653
responses_t16_combined,-0.039736831515834375,0.0,0.5027293666093449,0.3331053076334956,0.37113194640054725,0.2957627459659571,0.08579131624481912,0.043660214880688906
responses_t17_combined,0.2832682789424973,0.5,0.5690608928877973,0.20715464166431935,0.22711359703834855,0.565731761297332,0.036578004909259186,0.24453744316124099
responses_t18_combined,0.034324574463804276,0.0,0.6135040085692007,0.34634421150054323,0.2555229165828337,0.39813287191662305,0.11919037463281155,0.13605086314434026
responses_t19_combined,-0.024787734900004025,0.0,0.5218459247971843,0.42851394310088126,0.27334916099955736,0.2981368958995614,0.020441833326626694,0.10124341072793851
responses_t20_combined,0.2957627459659571,0.5,0.45305330422015183,0.1426501951631725,0.23314957144581708,0.6242002333910104,0.012353627620618889,0.12232908132469518
