,count,mean,std,min,25%,50%,75%,max
demographics_age,18109.0,31.574410514109008,13.058205540288402,18.0,22.0,27.0,37.0,99.0
responses_t1_1,24851.0,0.5292744758762223,0.7424320472749862,-1.0,0.0,1.0,1.0,1.0
responses_t1_2,24851.0,0.7268520381473582,0.4455851683475095,0.0,0.0,1.0,1.0,1.0
responses_t2_1,24851.0,0.3397046396523279,0.8354377744223639,-1.0,0.0,1.0,1.0,1.0
responses_t2_2,24851.0,0.2927045189328397,0.4550130928437736,0.0,0.0,0.0,1.0,1.0
responses_t3_1,24851.0,0.941330328759406,0.2817350396536798,-1.0,1.0,1.0,1.0,1.0
responses_t3_2,24851.0,0.6530119512293268,0.47602149214496925,0.0,0.0,1.0,1.0,1.0
responses_t4_1,24851.0,0.6885839604040079,0.6129045297254808,-1.0,1.0,1.0,1.0,1.0
responses_t4_2,24851.0,0.27266508390004424,0.4453389906117435,0.0,0.0,0.0,1.0,1.0
responses_t5_1,24851.0,0.6790068810108245,0.644944365819992,-1.0,1.0,1.0,1.0,1.0
responses_t5_2,24851.0,0.2642951993883546,0.44096606632094815,0.0,0.0,0.0,1.0,1.0
responses_t6_1,24851.0,0.12136332541950022,0.8400912140409781,-1.0,-1.0,0.0,1.0,1.0
responses_t6_2,24851.0,0.17878556194921733,0.3831803662623107,0.0,0.0,0.0,0.0,1.0
responses_t7_1,24851.0,0.10385899963784154,0.8718014818869667,-1.0,-1.0,0.0,1.0,1.0
responses_t7_2,24851.0,0.1890467184419138,0.3915536055593855,0.0,0.0,0.0,0.0,1.0
responses_t8_1,24851.0,0.32352822824031224,0.8210224044014207,-1.0,0.0,1.0,1.0,1.0
responses_t8_2,24851.0,0.19089775059353747,0.3930165580951931,0.0,0.0,0.0,0.0,1.0
responses_t9_1,24851.0,-0.3806687859643475,0.8107644326080073,-1.0,-1.0,-1.0,0.0,1.0
responses_t9_2,24851.0,0.5905194961973361,0.4917478535192691,0.0,0.0,1.0,1.0,1.0
responses_t10_1,24851.0,0.4553941491288077,0.7544716971651826,-1.0,0.0,1.0,1.0,1.0
responses_t10_2,24851.0,0.2153233270290934,0.41105472996775744,0.0,0.0,0.0,0.0,1.0
responses_t11_1,24851.0,0.37145386503561223,0.7784861068675312,-1.0,0.0,1.0,1.0,1.0
responses_t11_2,24851.0,0.2180998752565289,0.41296389931470745,0.0,0.0,0.0,0.0,1.0
responses_t12_1,24851.0,0.5896342199509074,0.6561607061046775,-1.0,0.0,1.0,1.0,1.0
responses_t12_2,24851.0,0.2589433020803992,0.43806322647173457,0.0,0.0,0.0,1.0,1.0
responses_t13_1,24851.0,0.79489758963422,0.47537311468319954,-1.0,1.0,1.0,1.0,1.0
responses_t13_2,24851.0,0.3535069011307392,0.4780679541186476,0.0,0.0,0.0,1.0,1.0
responses_t14_1,24851.0,-0.11593094845277856,0.8791115630807936,-1.0,-1.0,0.0,1.0,1.0
responses_t14_2,24851.0,0.2832883988571889,0.4506043191051244,0.0,0.0,0.0,1.0,1.0
responses_t15_1,24851.0,0.24691159309484528,0.8640122228989087,-1.0,-1.0,1.0,1.0,1.0
responses_t15_2,24851.0,0.15870588708703876,0.36540895098768483,0.0,0.0,0.0,0.0,1.0
responses_t16_1,24851.0,-0.03734256166753853,0.7921482418927047,-1.0,-1.0,0.0,1.0,1.0
responses_t16_2,24851.0,0.17637117218622994,0.38114331616473673,0.0,0.0,0.0,0.0,1.0
responses_t17_1,24851.0,0.35857711963301275,0.8027046655893827,-1.0,0.0,1.0,1.0,1.0
responses_t17_2,24851.0,0.3308116373586576,0.47051483123216814,0.0,0.0,0.0,1.0,1.0
responses_t18_1,24851.0,0.05178866041607984,0.861292557134702,-1.0,-1.0,0.0,1.0,1.0
responses_t18_2,24851.0,0.329000845036417,0.4698597372358503,0.0,0.0,0.0,1.0,1.0
responses_t19_1,24851.0,-0.13037704720131987,0.8424257961475288,-1.0,-1.0,0.0,1.0,1.0
responses_t19_2,24851.0,0.13741901734336645,0.34429609500707214,0.0,0.0,0.0,0.0,1.0
responses_t20_1,24851.0,0.48155003822783793,0.7314243069531597,-1.0,0.0,1.0,1.0,1.0
responses_t20_2,24851.0,0.1481228119592773,0.35522883089766455,0.0,0.0,0.0,0.0,1.0
responses_t1_combined,24851.0,0.46887449197215403,0.6675482761475336,-1.0,0.0,1.0,1.0,1.0
responses_t2_combined,24851.0,0.2736308398052392,0.574256944058819,-1.0,0.0,0.5,0.5,1.0
responses_t3_combined,24851.0,0.7849382318618969,0.32214399845703734,-1.0,0.5,1.0,1.0,1.0
responses_t4_combined,24851.0,0.4483924188161442,0.44946036399003697,-1.0,0.5,0.5,0.5,1.0
responses_t5_combined,24851.0,0.44475071425697155,0.460934346799356,-1.0,0.5,0.5,0.5,1.0
responses_t6_combined,24851.0,0.0772403525009054,0.5277219232747578,-1.0,-0.5,0.0,0.5,1.0
responses_t7_combined,24851.0,0.11772162086032756,0.5571685893413377,-1.0,-0.5,0.0,0.5,1.0
responses_t8_combined,24851.0,0.2434308478532051,0.5208380140289562,-1.0,0.0,0.5,0.5,1.0
responses_t9_combined,24851.0,-0.33566053679932395,0.6741217591567186,-1.0,-1.0,-0.5,0.0,1.0
responses_t10_combined,24851.0,0.3000885276246429,0.4975125168638334,-1.0,0.0,0.5,0.5,1.0
responses_t11_combined,24851.0,0.26105589312301314,0.5058669826738402,-1.0,0.0,0.5,0.5,1.0
responses_t12_combined,24851.0,0.4152347994044505,0.456352087278231,-1.0,0.0,0.5,0.5,1.0
responses_t13_combined,24851.0,0.5638606092310169,0.3898693591825233,-1.0,0.5,0.5,1.0,1.0
responses_t14_combined,24851.0,-0.05474628787573941,0.6080866081007799,-1.0,-0.5,0.0,0.5,1.0
responses_t15_combined,24851.0,0.18210534787332502,0.5328875158561163,-1.0,-0.5,0.5,0.5,1.0
responses_t16_combined,24851.0,-0.039736831515834375,0.5027293666093449,-1.0,-0.5,0.0,0.5,1.0
responses_t17_combined,24851.0,0.2832682789424973,0.5690608928877973,-1.0,0.0,0.5,0.5,1.0
responses_t18_combined,24851.0,0.034324574463804276,0.6135040085692007,-1.0,-0.5,0.0,0.5,1.0
responses_t19_combined,24851.0,-0.024787734900004025,0.5218459247971843,-1.0,-0.5,0.0,0.5,1.0
responses_t20_combined,24851.0,0.2957627459659571,0.45305330422015183,-1.0,0.0,0.5,0.5,1.0
