combined_score,variable,count,mean,median,std
-1.0,responses_t1_combined,1863,33.030595813204506,28.0,13.98697522172659
-0.5,responses_t1_combined,783,31.41890166028097,27.0,13.276163680286727
0.0,responses_t1_combined,2961,29.073623775751436,25.0,11.72615392260034
0.5,responses_t1_combined,2711,31.062338620435263,26.0,12.950266275071618
1.0,responses_t1_combined,9791,32.207843938310695,28.0,13.165808464409075
-1.0,responses_t2_combined,570,37.36491228070175,33.0,15.080574350850119
-0.5,responses_t2_combined,3662,35.953031130529766,32.0,14.220335852200256
0.0,responses_t2_combined,3298,30.6146149181322,27.0,12.09522895233683
0.5,responses_t2_combined,5919,31.15897955735766,27.0,13.11305637221311
1.0,responses_t2_combined,4660,28.632188841201717,25.0,11.199047613757552
-1.0,responses_t3_combined,94,36.5,30.0,16.812533727031767
-0.5,responses_t3_combined,89,33.89887640449438,28.0,15.671372962869873
0.0,responses_t3_combined,511,29.2426614481409,24.0,12.800115653615874
0.5,responses_t3_combined,5269,30.818940975517176,27.0,12.569724066786693
1.0,responses_t3_combined,12146,31.945084801580766,28.0,13.192398885505021
-1.0,responses_t4_combined,454,34.29515418502203,30.0,13.447342265066155
-0.5,responses_t4_combined,1026,32.31578947368421,28.0,12.68683528204273
0.0,responses_t4_combined,2663,28.14457378895982,25.0,10.725475040070735
0.5,responses_t4_combined,9577,31.029132296126136,27.0,12.352060530170512
1.0,responses_t4_combined,4389,34.39052175894281,29.0,15.101047112941735
-1.0,responses_t5_combined,396,34.553030303030305,30.0,14.849786800126319
-0.5,responses_t5_combined,1347,36.15590200445434,31.0,15.454512187008147
0.0,responses_t5_combined,2114,31.891674550614947,27.0,13.569721337783177
0.5,responses_t5_combined,9730,32.091572456320655,28.0,13.027763584156272
1.0,responses_t5_combined,4522,28.687748783724015,25.0,11.194279802909207
-1.0,responses_t6_combined,1038,31.726396917148364,27.0,12.9622364019668
-0.5,responses_t6_combined,4451,31.407773534037293,27.0,12.859839856375475
0.0,responses_t6_combined,5092,29.352317360565593,26.0,11.425537519630396
0.5,responses_t6_combined,5916,32.47227856659905,28.0,13.5605492504464
1.0,responses_t6_combined,1612,35.6606699751861,30.0,15.119827328575909
-1.0,responses_t7_combined,383,31.715404699738905,26.0,14.940193084557247
-0.5,responses_t7_combined,5581,32.08654363017381,28.0,13.191212994098308
0.0,responses_t7_combined,4082,29.298628123468887,25.0,11.889561357616326
0.5,responses_t7_combined,5034,31.783075089392135,28.0,12.81821360561852
1.0,responses_t7_combined,3029,33.33311323869264,29.0,14.022920574331227
-1.0,responses_t8_combined,163,34.877300613496935,29.0,15.012247266048309
-0.5,responses_t8_combined,3905,33.49218950064021,29.0,13.665762942033306
0.0,responses_t8_combined,3955,28.80328697850822,25.0,11.509523637513771
0.5,responses_t8_combined,6761,31.53320514716758,27.0,12.952763495344923
1.0,responses_t8_combined,3325,32.54015037593985,28.0,13.597310401615667
-1.0,responses_t9_combined,7473,32.545162585307104,28.0,13.539057464902642
-0.5,responses_t9_combined,3337,31.16631705124363,27.0,12.92060581270531
0.0,responses_t9_combined,3521,29.281454132348763,25.0,11.750822975952413
0.5,responses_t9_combined,1831,31.07591480065538,27.0,12.677600569437477
1.0,responses_t9_combined,1947,33.163328197226505,29.0,13.401194544807984
-1.0,responses_t10_combined,431,31.296983758700698,27.0,13.626238887894493
-0.5,responses_t10_combined,2388,30.786850921273032,27.0,12.733985270234884
0.0,responses_t10_combined,4021,28.83884605819448,25.0,11.278866473047861
0.5,responses_t10_combined,8019,32.663798478613295,28.0,13.363789530981778
1.0,responses_t10_combined,3250,32.88646153846154,28.0,13.933415776281663
-1.0,responses_t11_combined,326,39.438650306748464,35.0,17.6246569420959
-0.5,responses_t11_combined,3072,34.72265625,30.0,14.336806679495377
0.0,responses_t11_combined,4578,29.916994320664045,26.0,12.077497713727535
0.5,responses_t11_combined,6932,31.075014425851126,27.0,12.530770049089766
1.0,responses_t11_combined,3201,31.203998750390504,27.0,12.92100746865345
-1.0,responses_t12_combined,74,32.86486486486486,27.0,15.488682854162606
-0.5,responses_t12_combined,1537,31.353936239427455,26.0,13.067519437465398
0.0,responses_t12_combined,3919,28.905332993110488,25.0,11.298808008573745
0.5,responses_t12_combined,7905,32.068058191018345,28.0,13.139980291899711
1.0,responses_t12_combined,4674,33.02952503209243,28.0,13.901736452136921
-1.0,responses_t13_combined,62,36.20967741935484,30.5,16.059456227421446
-0.5,responses_t13_combined,447,30.59284116331096,25.0,12.988257640212032
0.0,responses_t13_combined,2455,28.09572301425662,25.0,10.550350907686726
0.5,responses_t13_combined,8624,31.43123840445269,27.0,12.604250300501597
1.0,responses_t13_combined,6521,33.09661094924091,28.0,14.157977737113368
-1.0,responses_t14_combined,2177,32.320165365181445,28.0,13.548148152238186
-0.5,responses_t14_combined,6127,30.05989880855231,26.0,11.769906187586525
0.0,responses_t14_combined,3707,29.282978149446993,26.0,11.305693897136294
0.5,responses_t14_combined,3726,33.72920021470746,29.0,14.150616113099309
1.0,responses_t14_combined,2372,34.99831365935919,30.0,15.094835778096687
-1.0,responses_t15_combined,335,34.04179104477612,29.0,14.11176675170088
-0.5,responses_t15_combined,4632,35.11809153713299,30.0,14.967714509414073
0.0,responses_t15_combined,3454,30.59438332368269,26.0,12.855033136059438
0.5,responses_t15_combined,7095,30.540098661028892,27.0,11.771448772036909
1.0,responses_t15_combined,2593,29.060933281912842,25.0,11.496852302400722
-1.0,responses_t16_combined,1633,36.947948560930804,33.0,15.414147428525949
-0.5,responses_t16_combined,4434,31.569688768606223,28.0,12.70185066002593
0.0,responses_t16_combined,6653,28.85886066436194,25.0,11.1781107920126
0.5,responses_t16_combined,4518,32.67773351040283,28.0,13.490711142690753
1.0,responses_t16_combined,871,36.54305396096441,32.0,15.47256138201019
-1.0,responses_t17_combined,739,38.57104194857916,35.0,16.154614579713908
-0.5,responses_t17_combined,3006,36.18695941450432,32.0,14.809078126094656
0.0,responses_t17_combined,4110,29.377615571776154,26.0,11.518720841332218
0.5,responses_t17_combined,5554,30.611451206337776,27.0,12.076781130836622
1.0,responses_t17_combined,4700,30.583191489361703,26.0,12.644402958687614
-1.0,responses_t18_combined,2300,31.82217391304348,27.0,13.670965177263904
-0.5,responses_t18_combined,4011,31.787584143605088,27.0,13.219657977043614
0.0,responses_t18_combined,4499,28.99377639475439,25.0,11.31411944171762
0.5,responses_t18_combined,4601,33.243642686372525,29.0,13.802771276155527
1.0,responses_t18_combined,2698,32.50296515937732,28.0,13.05512223765979
-1.0,responses_t19_combined,374,30.459893048128343,25.0,13.258908522816371
-0.5,responses_t19_combined,7415,32.609844908968306,28.0,13.907175611662225
0.0,responses_t19_combined,4907,28.912166293050745,26.0,11.092991140370545
0.5,responses_t19_combined,3473,31.67578462424417,28.0,12.493326945621403
1.0,responses_t19_combined,1940,34.384020618556704,30.0,14.073352825169623
-1.0,responses_t20_combined,237,36.49789029535865,30.0,16.948982388475812
-0.5,responses_t20_combined,2252,34.4107460035524,29.0,14.571642585348645
0.0,responses_t20_combined,4074,27.828669612174767,24.0,10.844122564925106
0.5,responses_t20_combined,9176,31.89167393199651,28.0,12.971619929082411
1.0,responses_t20_combined,2370,33.59746835443038,29.0,13.433983871959459
