,mean,sd,eti89_lb,eti89_ub,ess_bulk,ess_tail,r_hat,mcse_mean,mcse_sd
alpha,14.5984,0.7861,13.3346,15.8051,8042.2019,3454.4899,1.0013,0.0088,0.0118
beta[0],0.3324,0.4621,-0.3992,1.0635,9733.6299,3369.9371,1.0001,0.0047,0.0081
beta[1],-1.1105,0.3799,-1.7133,-0.5111,7961.3826,3537.0061,1.0006,0.0043,0.0062
beta[2],-0.7804,1.0091,-2.3918,0.8002,7275.7528,3327.7361,1.0005,0.0118,0.0175
beta[3],0.2071,0.4312,-0.4796,0.8888,8135.5359,3182.5543,0.9999,0.0048,0.0072
beta[4],0.2568,0.4995,-0.534,1.0305,6803.9786,3418.8034,1.0007,0.006,0.0083
beta[5],-0.4117,0.3122,-0.92,0.0831,8086.1823,3108.8228,0.9997,0.0035,0.0053
beta[6],-0.8533,0.3657,-1.4264,-0.2693,7501.33,3182.9383,1.0002,0.0042,0.0062
beta[7],-0.9262,0.4795,-1.7045,-0.1522,7994.3238,3553.1502,1.0006,0.0054,0.0076
beta[8],-1.0039,0.3481,-1.5569,-0.4431,8397.6622,3493.3436,1.0001,0.0038,0.0054
beta[9],0.8419,0.3683,0.2434,1.4154,8147.9069,3422.9124,1.0,0.0041,0.0062
beta[10],0.265,0.4284,-0.4105,0.9502,6235.1872,3094.9219,1.0005,0.0054,0.0069
beta[11],0.7605,0.6252,-0.2247,1.744,8120.5701,3277.4145,1.0002,0.0069,0.0117
beta[12],1.3042,0.6887,0.2108,2.4108,8132.4998,3368.807,1.0006,0.0076,0.0104
beta[13],1.0958,0.2942,0.62,1.5696,8625.2949,3279.526,1.0004,0.0032,0.0051
beta[14],-0.2806,0.4242,-0.9617,0.411,6273.5495,3167.0416,1.0005,0.0054,0.0064
beta[15],0.3184,0.3422,-0.2309,0.8655,9614.293,3027.124,1.0054,0.0035,0.007
beta[16],-0.7149,0.3547,-1.2826,-0.13,7755.0583,3295.546,1.0008,0.004,0.0054
beta[17],0.5294,0.2746,0.0937,0.9656,8376.1181,3093.5854,1.0031,0.003,0.005
beta[18],-1.0339,0.3766,-1.6376,-0.4292,7941.5959,3099.9983,1.001,0.0042,0.0071
beta[19],-0.4686,0.4591,-1.1994,0.2524,8640.4506,3207.2059,1.0017,0.0049,0.0077
beta[20],0.3856,1.0042,-1.1959,2.0173,9507.6063,3193.7197,1.0013,0.0103,0.0193
beta[21],-0.8128,1.0501,-2.4872,0.8349,10173.5465,3141.4038,1.0011,0.0104,0.0203
beta[22],-0.9565,1.1277,-2.7711,0.901,10571.6695,3055.538,1.0009,0.011,0.0216
beta[23],0.275,1.0235,-1.3705,1.8885,9942.2499,3030.4489,1.0003,0.0103,0.0185
beta[24],-1.0376,1.0879,-2.7504,0.6712,9037.1863,3075.1587,1.0008,0.0115,0.018
beta[25],-0.0271,1.0148,-1.6591,1.6005,9067.8087,2926.5898,0.9995,0.0107,0.02
beta[26],-0.4461,1.0585,-2.099,1.234,8906.9088,3179.9469,1.0035,0.0112,0.018
beta[27],-0.2781,1.0453,-1.9451,1.4067,8458.066,3471.7088,1.0027,0.0114,0.0171
beta[28],1.023,0.9881,-0.5745,2.6064,9185.4649,2987.4472,1.0003,0.0103,0.0175
beta[29],-1.3985,1.0114,-3.0518,0.223,11220.4206,3157.9807,1.0006,0.0093,0.0178
beta[30],0.0184,0.9777,-1.5463,1.5759,10466.2941,3136.2243,1.0017,0.0096,0.016
beta[31],1.2148,1.1404,-0.6339,3.0705,11034.1129,3052.7984,1.0006,0.0109,0.0199
beta[32],0.0698,1.118,-1.7163,1.8773,10378.1968,3084.6635,1.0051,0.011,0.021
beta[33],0.1307,0.9985,-1.4757,1.7307,10629.4853,2821.8317,1.0026,0.0097,0.0178
beta[34],0.1524,1.1278,-1.7021,1.955,7608.794,2884.6773,1.0002,0.013,0.02
beta[35],2.1435,1.0016,0.5678,3.7185,8158.116,3058.4117,1.0011,0.0111,0.0195
beta[36],-0.1883,1.0422,-1.8785,1.4943,10013.8419,2944.0123,1.0012,0.0104,0.0207
beta[37],-0.8544,0.9901,-2.4409,0.7134,6817.9894,2802.4008,1.0006,0.012,0.0178
beta[38],-1.075,1.0535,-2.7473,0.6217,8324.8256,3271.8175,1.0008,0.0116,0.0173
beta[39],0.563,1.063,-1.1316,2.2815,9786.8979,3138.1068,1.0053,0.0107,0.0205
beta[40],-0.5808,0.5125,-1.3986,0.2311,9594.7409,3179.0235,0.9998,0.0052,0.0088
beta[41],-1.7131,0.6131,-2.6743,-0.7421,7669.6981,3224.7609,1.0003,0.007,0.0099
beta[42],0.3161,1.2681,-1.674,2.3605,6743.2242,3337.9599,1.0001,0.0154,0.0216
beta[43],-0.1379,0.629,-1.1393,0.8768,7766.3256,3025.3637,1.0001,0.0072,0.0108
beta[44],-0.8342,0.7631,-2.0453,0.3723,7061.8873,3469.3787,1.0006,0.0091,0.0126
beta[45],2.7077,0.5007,1.9123,3.5168,8439.4149,3582.1807,0.9996,0.0054,0.0083
beta[46],1.2629,0.6359,0.2606,2.2682,8060.4674,3125.801,1.0003,0.0071,0.011
beta[47],-0.4616,0.8834,-1.9015,0.9724,7934.2822,3474.7305,1.0005,0.0099,0.0138
beta[48],0.633,0.4157,-0.0438,1.2876,8378.2578,3371.1245,1.0,0.0045,0.0065
beta[49],-0.3824,0.5965,-1.3286,0.5727,8128.3427,3262.8175,1.0003,0.0066,0.0101
beta[50],-2.5226,0.7513,-3.7278,-1.3285,6270.1511,3333.5761,1.0003,0.0095,0.0121
beta[51],1.8232,1.1533,0.0076,3.6744,8630.9145,3342.9253,1.0,0.0124,0.0213
beta[52],-0.6704,1.182,-2.5686,1.1994,7842.1944,3386.2033,1.0011,0.0134,0.0176
beta[53],-0.653,0.4209,-1.317,0.0233,8935.5526,3225.2947,1.0016,0.0044,0.0075
beta[54],-0.2512,0.7752,-1.5063,0.9944,6562.0465,3267.0642,1.0009,0.0096,0.0117
beta[55],-1.0249,0.5555,-1.8954,-0.1223,9365.2479,2730.5752,1.0054,0.0057,0.0112
beta[56],-1.5845,0.5514,-2.4744,-0.696,8031.0205,3356.5959,1.0006,0.0061,0.0085
beta[57],-0.0233,0.3813,-0.6357,0.5807,8030.3123,3049.6895,1.0019,0.0043,0.0066
beta[58],3.2399,0.6492,2.1993,4.2737,7851.9104,2801.0977,1.0011,0.0073,0.0123
beta[59],0.2914,0.8123,-0.9964,1.5989,8296.7186,3279.3528,1.0019,0.0089,0.0134
gamma[0],0.5848,0.431,-0.1044,1.2643,7462.0271,3802.2992,0.9999,0.005,0.0063
gamma[1],1.0999,0.3064,0.6083,1.5814,8454.133,3299.9414,0.9997,0.0033,0.0047
gamma[2],0.6171,0.6551,-0.436,1.6591,7541.574,3318.5776,1.001,0.0076,0.0105
gamma[3],0.8523,0.3344,0.3081,1.3938,7024.8477,3658.1324,1.001,0.004,0.0051
gamma[4],0.9474,0.3714,0.3533,1.5411,8280.1658,3716.5677,1.0015,0.0041,0.0063
gamma[5],0.3123,0.2632,-0.1171,0.7353,8874.5159,2893.4697,1.0,0.0028,0.005
gamma[6],0.9049,0.2771,0.4683,1.334,7864.3761,3012.1096,1.0002,0.0031,0.0049
gamma[7],1.4055,0.2855,0.9517,1.8534,7605.3385,3343.1353,1.0005,0.0033,0.0046
gamma[8],0.4074,0.3607,-0.161,0.9891,8498.004,2939.2875,1.0015,0.0039,0.0061
gamma[9],0.2129,0.2815,-0.2287,0.6613,7154.9609,3555.6764,1.0016,0.0033,0.0049
gamma[10],0.6126,0.2848,0.1505,1.0707,7288.1616,3523.6877,1.0012,0.0033,0.0045
gamma[11],0.7364,0.2988,0.2547,1.2168,6132.3413,3621.8775,0.9999,0.0038,0.0043
gamma[12],0.2677,0.3803,-0.3492,0.8596,7075.1092,3941.9233,1.0008,0.0045,0.0053
gamma[13],0.5804,0.2826,0.1388,1.0317,9317.3069,3502.1591,0.9994,0.0029,0.0047
gamma[14],1.0431,0.2945,0.5873,1.5126,7434.587,3119.0909,1.0016,0.0034,0.0047
gamma[15],0.7571,0.2522,0.3609,1.1648,7967.7852,2697.3197,1.002,0.0028,0.0049
gamma[16],1.2957,0.2916,0.8257,1.7653,8528.5066,3547.1014,1.0027,0.0032,0.0043
gamma[17],0.8845,0.2786,0.4329,1.3355,8267.1645,3437.0076,1.0011,0.0031,0.0045
gamma[18],0.3962,0.2705,-0.0342,0.8291,8177.6111,3530.4802,1.0002,0.003,0.0041
gamma[19],1.722,0.2837,1.2758,2.1765,7363.5727,3535.7406,0.9997,0.0033,0.0042
gamma[20],0.0432,0.9494,-1.4887,1.5112,9967.4892,3017.9422,1.0002,0.0095,0.0183
gamma[21],-0.0971,0.9657,-1.6506,1.4292,12229.1344,3338.7454,1.0025,0.0087,0.0183
gamma[22],-0.1099,0.9363,-1.6051,1.3977,10518.0148,3347.6824,1.0001,0.0091,0.0165
gamma[23],0.0447,0.9318,-1.4561,1.5425,9887.816,3147.2773,1.0016,0.0094,0.0163
gamma[24],-0.1058,0.9282,-1.5999,1.3999,10083.7617,3121.2203,1.0009,0.0093,0.0162
gamma[25],-0.0042,0.958,-1.5195,1.5194,8870.0437,2995.0615,0.9996,0.0102,0.0177
gamma[26],-0.0571,0.9431,-1.5464,1.4386,9635.8217,3465.593,1.0019,0.0096,0.0148
gamma[27],-0.0282,0.9126,-1.5244,1.4347,8918.737,3380.9348,1.0008,0.0097,0.0158
gamma[28],0.1082,0.9413,-1.4084,1.6177,9329.9058,3035.0414,1.0001,0.0097,0.0167
gamma[29],-0.1672,0.9266,-1.6812,1.32,11734.7184,3384.7197,1.0,0.0085,0.0157
gamma[30],0.0057,0.9248,-1.4744,1.4844,10503.9259,3104.5544,1.0011,0.009,0.0153
gamma[31],0.1381,0.9756,-1.4385,1.7339,10232.5293,3059.5901,1.0022,0.0097,0.016
gamma[32],-0.0029,0.9757,-1.5784,1.5776,10254.5021,2766.4835,1.0027,0.0096,0.016
gamma[33],0.0205,0.9364,-1.4621,1.5375,10548.6215,3001.6829,1.0011,0.0091,0.0159
gamma[34],0.0321,0.9481,-1.4644,1.5261,8577.277,3000.3633,1.0017,0.0102,0.0175
gamma[35],0.2343,0.9479,-1.2461,1.7237,8040.6858,2825.3606,1.0001,0.0106,0.0186
gamma[36],-0.0089,0.9725,-1.5543,1.5538,9594.2824,2613.2465,1.001,0.0099,0.0196
gamma[37],-0.1039,0.9566,-1.6414,1.4095,7488.0166,3089.272,1.0011,0.011,0.0164
gamma[38],-0.1319,0.9425,-1.6441,1.3747,8381.6792,3013.1315,1.0005,0.0103,0.0152
gamma[39],0.0633,0.9406,-1.4288,1.547,9075.1134,2954.9116,1.0049,0.0099,0.0183
gamma[40],0.6426,0.4906,-0.1367,1.4275,6641.0411,3724.8156,1.001,0.006,0.0072
gamma[41],0.5131,0.61,-0.4633,1.511,6666.43,3345.7874,1.0007,0.0075,0.0097
gamma[42],1.6306,0.7647,0.4173,2.829,6661.4891,3455.54,1.0005,0.0094,0.0117
gamma[43],1.2004,0.6379,0.1755,2.2147,6848.1124,3384.8031,1.0,0.0077,0.0101
gamma[44],-0.6154,0.7652,-1.8225,0.6029,7871.7669,3428.044,1.0012,0.0086,0.0128
gamma[45],0.1343,0.5408,-0.7489,1.0132,9592.1021,3271.9321,1.0003,0.0055,0.0099
gamma[46],0.0242,0.6942,-1.1125,1.1046,7042.0722,3247.7389,1.001,0.0083,0.0115
gamma[47],0.8556,0.761,-0.3318,2.0791,7867.8828,3485.6784,1.0012,0.0086,0.0132
gamma[48],0.4539,0.465,-0.2802,1.2146,8175.3673,3093.172,1.0017,0.0051,0.0078
gamma[49],0.8353,0.5998,-0.1177,1.7588,7857.7003,3157.0042,1.0002,0.0068,0.01
gamma[50],0.8079,0.6314,-0.2107,1.8166,6135.5197,3597.5887,1.0005,0.0081,0.01
gamma[51],-1.4635,0.7764,-2.7097,-0.2314,7449.5155,3803.2669,0.9995,0.009,0.0115
gamma[52],0.2031,0.7679,-1.0189,1.4478,6238.5677,3509.1972,0.9996,0.0097,0.0114
gamma[53],-0.539,0.4982,-1.3241,0.2744,8724.864,3492.2461,1.0004,0.0053,0.008
gamma[54],-0.3557,0.8102,-1.6645,0.9697,8839.7835,3534.7626,1.0006,0.0086,0.013
gamma[55],1.2782,0.5381,0.4324,2.1412,8000.2728,2751.8566,1.0054,0.006,0.011
gamma[56],1.0472,0.5229,0.201,1.8835,8446.6561,3736.9896,1.0003,0.0057,0.0075
gamma[57],-0.1374,0.4364,-0.8311,0.5561,8711.1232,3659.8704,1.0021,0.0047,0.0068
gamma[58],0.3692,0.6821,-0.7241,1.4572,8608.7843,3435.6532,0.9999,0.0073,0.0108
gamma[59],0.3122,0.6933,-0.7888,1.4303,7270.0923,3489.1781,1.0002,0.0081,0.0107
sigma,7.9352,0.1117,7.7545,8.1142,8875.367,2965.7568,1.0018,0.0011,0.0019
nu,3.1403,0.1217,2.9491,3.3431,8893.1856,3114.545,1.0006,0.0013,0.0021
