,missing_count,missing_proportion
demographics_age,6742,0.27129692970101804
demographics_education,6513,0.2620820087722828
demographics_region,6059,0.24381312623234477
demographics_gender,5979,0.2405939398816949
responses_t1_1,0,0.0
responses_t1_2,0,0.0
responses_t2_1,0,0.0
responses_t2_2,0,0.0
responses_t3_1,0,0.0
responses_t3_2,0,0.0
responses_t4_1,0,0.0
responses_t4_2,0,0.0
responses_t5_1,0,0.0
responses_t5_2,0,0.0
responses_t6_1,0,0.0
responses_t6_2,0,0.0
responses_t7_1,0,0.0
responses_t7_2,0,0.0
responses_t8_1,0,0.0
responses_t8_2,0,0.0
responses_t9_1,0,0.0
responses_t9_2,0,0.0
responses_t10_1,0,0.0
responses_t10_2,0,0.0
responses_t11_1,0,0.0
responses_t11_2,0,0.0
responses_t12_1,0,0.0
responses_t12_2,0,0.0
responses_t13_1,0,0.0
responses_t13_2,0,0.0
responses_t14_1,0,0.0
responses_t14_2,0,0.0
responses_t15_1,0,0.0
responses_t15_2,0,0.0
responses_t16_1,0,0.0
responses_t16_2,0,0.0
responses_t17_1,0,0.0
responses_t17_2,0,0.0
responses_t18_1,0,0.0
responses_t18_2,0,0.0
responses_t19_1,0,0.0
responses_t19_2,0,0.0
responses_t20_1,0,0.0
responses_t20_2,0,0.0
responses_t1_combined,0,0.0
responses_t2_combined,0,0.0
responses_t3_combined,0,0.0
responses_t4_combined,0,0.0
responses_t5_combined,0,0.0
responses_t6_combined,0,0.0
responses_t7_combined,0,0.0
responses_t8_combined,0,0.0
responses_t9_combined,0,0.0
responses_t10_combined,0,0.0
responses_t11_combined,0,0.0
responses_t12_combined,0,0.0
responses_t13_combined,0,0.0
responses_t14_combined,0,0.0
responses_t15_combined,0,0.0
responses_t16_combined,0,0.0
responses_t17_combined,0,0.0
responses_t18_combined,0,0.0
responses_t19_combined,0,0.0
responses_t20_combined,0,0.0
