demographics_region,variable,oppose_important_-1,oppose_not_important_-0.5,neutral_0,support_not_important_0.5,support_important_1
Amazonas,responses_t10_combined,0.03614457831325301,0.07228915662650602,0.42168674698795183,0.3855421686746988,0.08433734939759036
Apurímac,responses_t10_combined,0.015384615384615385,0.046153846153846156,0.26153846153846155,0.49230769230769234,0.18461538461538463
Arequipa,responses_t10_combined,0.01997780244173141,0.09211986681465038,0.20310765815760268,0.46170921198668147,0.22308546059933407
Ayacucho,responses_t10_combined,0.0,0.12162162162162163,0.2972972972972973,0.5,0.08108108108108109
Cajamarca,responses_t10_combined,0.03333333333333333,0.1,0.23333333333333334,0.48333333333333334,0.15
Callao,responses_t10_combined,0.01881720430107527,0.125,0.22983870967741934,0.4475806451612903,0.17876344086021506
Cusco,responses_t10_combined,0.026595744680851064,0.15425531914893617,0.21808510638297873,0.45478723404255317,0.14627659574468085
Extranjero,responses_t10_combined,0.08394160583941605,0.3284671532846715,0.26094890510948904,0.2281021897810219,0.09854014598540146
Huancavelica,responses_t10_combined,0.07692307692307693,0.15384615384615385,0.15384615384615385,0.38461538461538464,0.23076923076923078
Huánuco,responses_t10_combined,0.013986013986013986,0.08391608391608392,0.2727272727272727,0.48951048951048953,0.13986013986013987
Ica,responses_t10_combined,0.009836065573770493,0.07868852459016394,0.23278688524590163,0.4819672131147541,0.19672131147540983
Junín,responses_t10_combined,0.019169329073482427,0.10862619808306709,0.2012779552715655,0.5207667731629393,0.1501597444089457
La Libertad,responses_t10_combined,0.023008849557522124,0.13451327433628318,0.2,0.4690265486725664,0.17345132743362832
Lambayeque,responses_t10_combined,0.014619883040935672,0.09649122807017543,0.23684210526315788,0.4766081871345029,0.17543859649122806
Lima Metropolitana,responses_t10_combined,0.023043649233189148,0.13503735745182854,0.2228863546991742,0.43680692095949664,0.18222571765631143
Lima Provincias,responses_t10_combined,0.019230769230769232,0.09615384615384616,0.21153846153846154,0.532051282051282,0.14102564102564102
Loreto,responses_t10_combined,0.0,0.01639344262295082,0.26229508196721313,0.6065573770491803,0.11475409836065574
Madre de Dios,responses_t10_combined,0.0,0.18518518518518517,0.2962962962962963,0.37037037037037035,0.14814814814814814
Moquegua,responses_t10_combined,0.0,0.10909090909090909,0.2,0.509090909090909,0.18181818181818182
Pasco,responses_t10_combined,0.0,0.10344827586206896,0.1724137931034483,0.6206896551724138,0.10344827586206896
Piura,responses_t10_combined,0.021798365122615803,0.1226158038147139,0.21525885558583105,0.47956403269754766,0.16076294277929154
Puno,responses_t10_combined,0.006944444444444444,0.09722222222222222,0.18055555555555555,0.5138888888888888,0.2013888888888889
San Martín,responses_t10_combined,0.02830188679245283,0.16037735849056603,0.27358490566037735,0.42452830188679247,0.11320754716981132
Tacna,responses_t10_combined,0.01935483870967742,0.08387096774193549,0.21935483870967742,0.4258064516129032,0.25161290322580643
Tumbes,responses_t10_combined,0.07407407407407407,0.037037037037037035,0.18518518518518517,0.48148148148148145,0.2222222222222222
Ucayali,responses_t10_combined,0.0,0.058823529411764705,0.2549019607843137,0.5490196078431373,0.13725490196078433
Áncash,responses_t10_combined,0.024291497975708502,0.0931174089068826,0.22267206477732793,0.5020242914979757,0.15789473684210525
