,not_important_0,important_1
responses_t1_2,0.27314796185264173,0.7268520381473582
responses_t2_2,0.7072954810671602,0.2927045189328397
responses_t3_2,0.3469880487706732,0.6530119512293268
responses_t4_2,0.7273349160999557,0.27266508390004424
responses_t5_2,0.7357048006116454,0.2642951993883546
responses_t6_2,0.8212144380507826,0.17878556194921733
responses_t7_2,0.8109532815580862,0.1890467184419138
responses_t8_2,0.8091022494064625,0.19089775059353747
responses_t9_2,0.4094805038026639,0.5905194961973361
responses_t10_2,0.7846766729709066,0.2153233270290934
responses_t11_2,0.781900124743471,0.2180998752565289
responses_t12_2,0.7410566979196008,0.2589433020803992
responses_t13_2,0.6464930988692608,0.3535069011307392
responses_t14_2,0.7167116011428112,0.2832883988571889
responses_t15_2,0.8412941129129613,0.15870588708703876
responses_t16_2,0.8236288278137701,0.17637117218622994
responses_t17_2,0.6691883626413424,0.3308116373586576
responses_t18_2,0.670999154963583,0.329000845036417
responses_t19_2,0.8625809826566335,0.13741901734336645
responses_t20_2,0.8518771880407227,0.1481228119592773
